{
  "model": "Qwen/Qwen-1_8B-chat",
  "source_val_json": "runs_vision/Qwen-1_8B-chat/datasplits/val.json",
  "n_captions": 1000,
  "prefix": "The image shows",
  "instruction_template": "Describe this image:\n{caption}",
  "prompt_serialization": "Qwen chat template; output prefix appended after assistant generation marker.",
  "layer": 11,
  "selected_lambda": 20.0,
  "candidate_lambdas": [
    0.0,
    10.0,
    20.0
  ],
  "x_axis": "baseline_projection",
  "next_token_disparity": "constrained_softmax(spatial_ids + descriptive_ids); spatial_prob - descriptive_prob",
  "steering_method": "default",
  "uses_neutral_offset": true,
  "target_token_counts": {
    "spatial": 139,
    "descriptive": 176
  },
  "baseline": {
    "n_points": 1000,
    "projection_min": 1.7894280804721303,
    "projection_max": 3.504124916512164,
    "projection_mean": 2.74007015999761,
    "projection_quantiles": {
      "0": 1.7894280804721303,
      "0.01": 2.199323959534713,
      "0.05": 2.3120693532985106,
      "0.1": 2.377535786927278,
      "0.25": 2.5031043865539426,
      "0.5": 2.7387629646908156,
      "0.75": 2.9773042709672835,
      "0.9": 3.100710451027281,
      "0.95": 3.1607279138008133,
      "0.99": 3.2655814581513636,
      "1": 3.504124916512164
    },
    "largest_adjacent_projection_gap": {
      "width": 0.16331847733973293,
      "from": 1.8247829640838598,
      "to": 1.9881014414235927
    },
    "disparity_min": -0.9998325479231085,
    "disparity_max": 0.9987095178155876,
    "disparity_mean": -0.12758842236795775,
    "disparity_median": -0.2290466725605102,
    "disparity_rms": 0.787648159215561,
    "disparity_quantiles": {
      "0": -0.9998325479231085,
      "0.01": -0.9975536122857184,
      "0.05": -0.9845442617597059,
      "0.1": -0.9694999510834156,
      "0.25": -0.9073763443763618,
      "0.5": -0.2290466725605102,
      "0.75": 0.7187536974758412,
      "0.9": 0.9848659082101031,
      "0.95": 0.9930988306575645,
      "0.99": 0.9971729898250689,
      "1": 0.9987095178155876
    },
    "corr_projection_disparity": 0.7377850137196629,
    "linear_slope": 2.0290389815866567,
    "linear_intercept": -5.687297589285502
  },
  "steered": {
    "0.0": {
      "n_points": 1000,
      "projection_min": 1.7894280804721303,
      "projection_max": 3.504124916512164,
      "projection_mean": 2.74007015999761,
      "projection_quantiles": {
        "0": 1.7894280804721303,
        "0.01": 2.199323959534713,
        "0.05": 2.3120693532985106,
        "0.1": 2.377535786927278,
        "0.25": 2.5031043865539426,
        "0.5": 2.7387629646908156,
        "0.75": 2.9773042709672835,
        "0.9": 3.100710451027281,
        "0.95": 3.1607279138008133,
        "0.99": 3.2655814581513636,
        "1": 3.504124916512164
      },
      "largest_adjacent_projection_gap": {
        "width": 0.16331847733973293,
        "from": 1.8247829640838598,
        "to": 1.9881014414235927
      },
      "disparity_min": -0.9999053216417919,
      "disparity_max": 0.9982637385336824,
      "disparity_mean": -0.18094315816674417,
      "disparity_median": -0.35933123578989434,
      "disparity_rms": 0.7867394141616179,
      "disparity_quantiles": {
        "0": -0.9999053216417919,
        "0.01": -0.9984842739175765,
        "0.05": -0.9885264308155334,
        "0.1": -0.974763858318119,
        "0.25": -0.9213351034874139,
        "0.5": -0.35933123578989434,
        "0.75": 0.6087552823705815,
        "0.9": 0.9797278315808754,
        "0.95": 0.9898043621437725,
        "0.99": 0.9959729849042547,
        "1": 0.9982637385336824
      },
      "corr_projection_disparity": 0.7294992735112177,
      "linear_slope": 1.9763182050884494,
      "linear_intercept": -5.596193698589646,
      "mean_shift_vs_baseline": -0.05335473579878641,
      "rms_delta_vs_baseline": -0.0009087450539431163,
      "steered_projection_mean": 0.0007849010115681898,
      "steered_projection_std": 0.00019232103115279003,
      "steered_projection_min": 0.0002060554948315474,
      "steered_projection_max": 0.0014024268545385354
    },
    "0": {
      "n_points": 1000,
      "projection_min": 1.7894280804721303,
      "projection_max": 3.504124916512164,
      "projection_mean": 2.74007015999761,
      "projection_quantiles": {
        "0": 1.7894280804721303,
        "0.01": 2.199323959534713,
        "0.05": 2.3120693532985106,
        "0.1": 2.377535786927278,
        "0.25": 2.5031043865539426,
        "0.5": 2.7387629646908156,
        "0.75": 2.9773042709672835,
        "0.9": 3.100710451027281,
        "0.95": 3.1607279138008133,
        "0.99": 3.2655814581513636,
        "1": 3.504124916512164
      },
      "largest_adjacent_projection_gap": {
        "width": 0.16331847733973293,
        "from": 1.8247829640838598,
        "to": 1.9881014414235927
      },
      "disparity_min": -0.9999053216417919,
      "disparity_max": 0.9982637385336824,
      "disparity_mean": -0.18094315816674417,
      "disparity_median": -0.35933123578989434,
      "disparity_rms": 0.7867394141616179,
      "disparity_quantiles": {
        "0": -0.9999053216417919,
        "0.01": -0.9984842739175765,
        "0.05": -0.9885264308155334,
        "0.1": -0.974763858318119,
        "0.25": -0.9213351034874139,
        "0.5": -0.35933123578989434,
        "0.75": 0.6087552823705815,
        "0.9": 0.9797278315808754,
        "0.95": 0.9898043621437725,
        "0.99": 0.9959729849042547,
        "1": 0.9982637385336824
      },
      "corr_projection_disparity": 0.7294992735112177,
      "linear_slope": 1.9763182050884494,
      "linear_intercept": -5.596193698589646,
      "mean_shift_vs_baseline": -0.05335473579878641,
      "rms_delta_vs_baseline": -0.0009087450539431163,
      "steered_projection_mean": 0.0007849010115681898,
      "steered_projection_std": 0.00019232103115279003,
      "steered_projection_min": 0.0002060554948315474,
      "steered_projection_max": 0.0014024268545385354
    },
    "10.0": {
      "n_points": 1000,
      "projection_min": 1.7894280804721303,
      "projection_max": 3.504124916512164,
      "projection_mean": 2.74007015999761,
      "projection_quantiles": {
        "0": 1.7894280804721303,
        "0.01": 2.199323959534713,
        "0.05": 2.3120693532985106,
        "0.1": 2.377535786927278,
        "0.25": 2.5031043865539426,
        "0.5": 2.7387629646908156,
        "0.75": 2.9773042709672835,
        "0.9": 3.100710451027281,
        "0.95": 3.1607279138008133,
        "0.99": 3.2655814581513636,
        "1": 3.504124916512164
      },
      "largest_adjacent_projection_gap": {
        "width": 0.16331847733973293,
        "from": 1.8247829640838598,
        "to": 1.9881014414235927
      },
      "disparity_min": -0.999168868250849,
      "disparity_max": 0.9983289998111489,
      "disparity_mean": -0.006003906756012888,
      "disparity_median": 0.08258560066918286,
      "disparity_rms": 0.7506498446395728,
      "disparity_quantiles": {
        "0": -0.999168868250849,
        "0.01": -0.9924263770778784,
        "0.05": -0.9722014723066442,
        "0.1": -0.9433266166889681,
        "0.25": -0.8069061538307128,
        "0.5": 0.08258560066918286,
        "0.75": 0.7900397233114923,
        "0.9": 0.9701092265302454,
        "0.95": 0.986565062722802,
        "0.99": 0.9944716718668756,
        "1": 0.9983289998111489
      },
      "corr_projection_disparity": 0.725736640083676,
      "linear_slope": 1.9275462709503495,
      "linear_intercept": -5.28761592580174,
      "mean_shift_vs_baseline": 0.12158451561194486,
      "rms_delta_vs_baseline": -0.03699831457598812,
      "steered_projection_mean": 9.999104909897092,
      "steered_projection_std": 0.00023177538433832878,
      "steered_projection_min": 9.998430878017482,
      "steered_projection_max": 9.999855813681219
    },
    "10": {
      "n_points": 1000,
      "projection_min": 1.7894280804721303,
      "projection_max": 3.504124916512164,
      "projection_mean": 2.74007015999761,